Date;Total_Nutresa
01/01/2015;196742
02/01/2015;392963
03/01/2015;396502
04/01/2015;346360
05/01/2015;540669
06/01/2015;582937
07/01/2015;597071
08/01/2015;599341
09/01/2015;596806
10/01/2015;518696
11/01/2015;362572
12/01/2015;385413
13/01/2015;571504
14/01/2015;590364
15/01/2015;605594
16/01/2015;603621
17/01/2015;510305
18/01/2015;339919
19/01/2015;571801
20/01/2015;594229
21/01/2015;595316
22/01/2015;604824
23/01/2015;596456
24/01/2015;488153
25/01/2015;374665
26/01/2015;574653
27/01/2015;617224
28/01/2015;610619
29/01/2015;622183
30/01/2015;615391
31/01/2015;505044
01/02/2015;342110
02/02/2015;598057
03/02/2015;624624
04/02/2015;624011
05/02/2015;628510
06/02/2015;623775
07/02/2015;531154
08/02/2015;395310
09/02/2015;598718
10/02/2015;626000
11/02/2015;637061
12/02/2015;627740
13/02/2015;616320
14/02/2015;506146
15/02/2015;324441
16/02/2015;570157
17/02/2015;600732
18/02/2015;619057
19/02/2015;616772
20/02/2015;619570
21/02/2015;552864
22/02/2015;411505
23/02/2015;600159
24/02/2015;633093
25/02/2015;624071
26/02/2015;620242
27/02/2015;604554
28/02/2015;478778
01/03/2015;305956
02/03/2015;588450
03/03/2015;620768
04/03/2015;623520
05/03/2015;612652
06/03/2015;605965
07/03/2015;551578
08/03/2015;356847
09/03/2015;570883
10/03/2015;622489
11/03/2015;620101
12/03/2015;620032
13/03/2015;603927
14/03/2015;503317
15/03/2015;290992
16/03/2015;563627
17/03/2015;586554
18/03/2015;575134
19/03/2015;575444
20/03/2015;578597
21/03/2015;530071
22/03/2015;380310
23/03/2015;404156
24/03/2015;593993
25/03/2015;622240
26/03/2015;612218
27/03/2015;625130
28/03/2015;523042
29/03/2015;373324
30/03/2015;559482
31/03/2015;543786
01/04/2015;501968
02/04/2015;273921
03/04/2015;230820
04/04/2015;306877
05/04/2015;310847
06/04/2015;580451
07/04/2015;616437
08/04/2015;617273
09/04/2015;621316
10/04/2015;619640
11/04/2015;541014
12/04/2015;382159
13/04/2015;575869
14/04/2015;611131
15/04/2015;608958
16/04/2015;614364
17/04/2015;592620
18/04/2015;503924
19/04/2015;312058
20/04/2015;559948
21/04/2015;596478
22/04/2015;611551
23/04/2015;601223
24/04/2015;606464
25/04/2015;521174
26/04/2015;370678
27/04/2015;586401
28/04/2015;594217
29/04/2015;579528
30/04/2015;532528
01/05/2015;346386
02/05/2015;415365
03/05/2015;355702
04/05/2015;588999
05/05/2015;630223
06/05/2015;622616
07/05/2015;598605
08/05/2015;588366
09/05/2015;503163
10/05/2015;324922
11/05/2015;595080
12/05/2015;620128
13/05/2015;623184
14/05/2015;624384
15/05/2015;614821
16/05/2015;547580
17/05/2015;366707
18/05/2015;409777
19/05/2015;598923
20/05/2015;616739
21/05/2015;619742
22/05/2015;616260
23/05/2015;547231
24/05/2015;367823
25/05/2015;591817
26/05/2015;625024
27/05/2015;622968
28/05/2015;621685
29/05/2015;602012
30/05/2015;498586
31/05/2015;289706
01/06/2015;579655
02/06/2015;602338
03/06/2015;620359
04/06/2015;632382
05/06/2015;637370
06/06/2015;567979
07/06/2015;422739
08/06/2015;432108
09/06/2015;627507
10/06/2015;638317
11/06/2015;641971
12/06/2015;635533
13/06/2015;527577
14/06/2015;279749
15/06/2015;411837
16/06/2015;606983
17/06/2015;624653
18/06/2015;634978
19/06/2015;651069
20/06/2015;561490
21/06/2015;331978
22/06/2015;603531
23/06/2015;642991
24/06/2015;653865
25/06/2015;617809
26/06/2015;635402
27/06/2015;516022
28/06/2015;276678
29/06/2015;350577
30/06/2015;567114
01/07/2015;593216
02/07/2015;597603
03/07/2015;612576
04/07/2015;540166
05/07/2015;397583
06/07/2015;599367
07/07/2015;618319
08/07/2015;625226
09/07/2015;609292
10/07/2015;602639
11/07/2015;489428
12/07/2015;289647
13/07/2015;571828
14/07/2015;618242
15/07/2015;612761
16/07/2015;620692
17/07/2015;614883
18/07/2015;536586
19/07/2015;356481
20/07/2015;393199
21/07/2015;611013
22/07/2015;614686
23/07/2015;611070
24/07/2015;613079
25/07/2015;525105
26/07/2015;333366
27/07/2015;600245
28/07/2015;627699
29/07/2015;625492
30/07/2015;615933
31/07/2015;611415
01/08/2015;509046
02/08/2015;362792
03/08/2015;617680
04/08/2015;620909
05/08/2015;624246
06/08/2015;600326
07/08/2015;435819
08/08/2015;424821
09/08/2015;369569
10/08/2015;591706
11/08/2015;611952
12/08/2015;625844
13/08/2015;623691
14/08/2015;623278
15/08/2015;536204
16/08/2015;309359
17/08/2015;377287
18/08/2015;623342
19/08/2015;646000
20/08/2015;661781
21/08/2015;651568
22/08/2015;560618
23/08/2015;380324
24/08/2015;604326
25/08/2015;639485
26/08/2015;633146
27/08/2015;601570
28/08/2015;590090
29/08/2015;491588
30/08/2015;312300
31/08/2015;552018
01/09/2015;583905
02/09/2015;616752
03/09/2015;614183
04/09/2015;604630
05/09/2015;517648
06/09/2015;380535
07/09/2015;592991
08/09/2015;631165
09/09/2015;633426
10/09/2015;618275
11/09/2015;599358
12/09/2015;507646
13/09/2015;325396
14/09/2015;581237
15/09/2015;617805
16/09/2015;626075
17/09/2015;627299
18/09/2015;614463
19/09/2015;528502
20/09/2015;311608
21/09/2015;597437
22/09/2015;634205
23/09/2015;632423
24/09/2015;619072
25/09/2015;607637
26/09/2015;516452
27/09/2015;367698
28/09/2015;594218
29/09/2015;613291
30/09/2015;609377
01/10/2015;610245
02/10/2015;603903
03/10/2015;489674
04/10/2015;344422
05/10/2015;604575
06/10/2015;625134
07/10/2015;621080
08/10/2015;616800
09/10/2015;608796
10/10/2015;516275
11/10/2015;325777
12/10/2015;369716
13/10/2015;575684
14/10/2015;591496
15/10/2015;603212
16/10/2015;602390
17/10/2015;526015
18/10/2015;380268
19/10/2015;589624
20/10/2015;589972
21/10/2015;606657
22/10/2015;610917
23/10/2015;597731
24/10/2015;523199
25/10/2015;359470
26/10/2015;599872
27/10/2015;617505
28/10/2015;613753
29/10/2015;626982
30/10/2015;622837
31/10/2015;493068
01/11/2015;293921
02/11/2015;325065
03/11/2015;604461
04/11/2015;628965
05/11/2015;619722
06/11/2015;621029
07/11/2015;541281
08/11/2015;347616
09/11/2015;612952
10/11/2015;639408
11/11/2015;655406
12/11/2015;649069
13/11/2015;646648
14/11/2015;589729
15/11/2015;364699
16/11/2015;461368
17/11/2015;585980
18/11/2015;593862
19/11/2015;634533
20/11/2015;602917
21/11/2015;496689
22/11/2015;323992
23/11/2015;597570
24/11/2015;624250
25/11/2015;636112
26/11/2015;626670
27/11/2015;636282
28/11/2015;552067
29/11/2015;415839
30/11/2015;611543
01/12/2015;648441
02/12/2015;644942
03/12/2015;661238
04/12/2015;622867
05/12/2015;500894
06/12/2015;298809
07/12/2015;409190
08/12/2015;400814
09/12/2015;651965
10/12/2015;670294
11/12/2015;620986
12/12/2015;463100
13/12/2015;369267
14/12/2015;645826
15/12/2015;672232
16/12/2015;670859
17/12/2015;655605
18/12/2015;654869
19/12/2015;592112
20/12/2015;416288
21/12/2015;633258
22/12/2015;648001
23/12/2015;594901
24/12/2015;329048
25/12/2015;213822
26/12/2015;356396
27/12/2015;389454
28/12/2015;568977
29/12/2015;544121
30/12/2015;502116
31/12/2015;297688
01/01/2016;188061
02/01/2016;262241
03/01/2016;313872
04/01/2016;553161
05/01/2016;618510
06/01/2016;649237
07/01/2016;652811
08/01/2016;649592
09/01/2016;561391
10/01/2016;369864
11/01/2016;452352
12/01/2016;644903
13/01/2016;661609
14/01/2016;654062
15/01/2016;657857
16/01/2016;570873
17/01/2016;430805
18/01/2016;617528
19/01/2016;653498
20/01/2016;645203
21/01/2016;643459
22/01/2016;644656
23/01/2016;541304
24/01/2016;368050
25/01/2016;634253
26/01/2016;658276
27/01/2016;667118
28/01/2016;666591
29/01/2016;660193
30/01/2016;531771
31/01/2016;366224
01/02/2016;621743
02/02/2016;663148
03/02/2016;663708
04/02/2016;669680
05/02/2016;633904
06/02/2016;575851
07/02/2016;381329
08/02/2016;644407
09/02/2016;672361
10/02/2016;665641
11/02/2016;681104
12/02/2016;655542
13/02/2016;554517
14/02/2016;394970
15/02/2016;611910
16/02/2016;661554
17/02/2016;660025
18/02/2016;665517
19/02/2016;644117
20/02/2016;548575
21/02/2016;391346
22/02/2016;633269
23/02/2016;651321
24/02/2016;661252
25/02/2016;633954
26/02/2016;649204
27/02/2016;500881
28/02/2016;382709
29/02/2016;575655
01/03/2016;617874
02/03/2016;630545
03/03/2016;640840
04/03/2016;624324
05/03/2016;503392
06/03/2016;343687
07/03/2016;619261
08/03/2016;639209
09/03/2016;648437
10/03/2016;628297
11/03/2016;644961
12/03/2016;557408
13/03/2016;427136
14/03/2016;606333
15/03/2016;626999
16/03/2016;631699
17/03/2016;613906
18/03/2016;590834
19/03/2016;516761
20/03/2016;360879
21/03/2016;413527
22/03/2016;429215
23/03/2016;371416
24/03/2016;240124
25/03/2016;213192
26/03/2016;260926
27/03/2016;289525
28/03/2016;574423
29/03/2016;621391
30/03/2016;599588
31/03/2016;586020
01/04/2016;586218
02/04/2016;463716
03/04/2016;299507
04/04/2016;571789
05/04/2016;602206
06/04/2016;612791
07/04/2016;582053
08/04/2016;609881
09/04/2016;504473
10/04/2016;277917
11/04/2016;562081
12/04/2016;603276
13/04/2016;603146
14/04/2016;599944
15/04/2016;591537
16/04/2016;487402
17/04/2016;306382
18/04/2016;580899
19/04/2016;621061
20/04/2016;623918
21/04/2016;627919
22/04/2016;578707
23/04/2016;455495
24/04/2016;289775
25/04/2016;570047
26/04/2016;582283
27/04/2016;602428
28/04/2016;595379
29/04/2016;585169
30/04/2016;445070
01/05/2016;289865
02/05/2016;587246
03/05/2016;575761
04/05/2016;609478
05/05/2016;613435
06/05/2016;599433
07/05/2016;511156
08/05/2016;260994
09/05/2016;355178
10/05/2016;583564
11/05/2016;611505
12/05/2016;613054
13/05/2016;590856
14/05/2016;507438
15/05/2016;312884
16/05/2016;591752
17/05/2016;619784
18/05/2016;621250
19/05/2016;604196
20/05/2016;616087
21/05/2016;487698
22/05/2016;350151
23/05/2016;596211
24/05/2016;606338
25/05/2016;608696
26/05/2016;609878
27/05/2016;581889
28/05/2016;465952
29/05/2016;277052
30/05/2016;335573
31/05/2016;563112
01/06/2016;578232
02/06/2016;620470
03/06/2016;611393
04/06/2016;515161
05/06/2016;293598
06/06/2016;333314
07/06/2016;599117
08/06/2016;619322
09/06/2016;617749
10/06/2016;616373
11/06/2016;524283
12/06/2016;380492
13/06/2016;576264
14/06/2016;562342
15/06/2016;598180
16/06/2016;586836
17/06/2016;599934
18/06/2016;535183
19/06/2016;303436
20/06/2016;548757
21/06/2016;604285
22/06/2016;601744
23/06/2016;610168
24/06/2016;595128
25/06/2016;517764
26/06/2016;319900
27/06/2016;586268
28/06/2016;596461
29/06/2016;597593
30/06/2016;607780
01/07/2016;588936
02/07/2016;495464
03/07/2016;280400
04/07/2016;369619
05/07/2016;606648
06/07/2016;612643
07/07/2016;607319
08/07/2016;589573
09/07/2016;533995
10/07/2016;351972
11/07/2016;542833
12/07/2016;571102
13/07/2016;545840
14/07/2016;531419
15/07/2016;525133
16/07/2016;394490
17/07/2016;257743
18/07/2016;439754
19/07/2016;469518
20/07/2016;399674
21/07/2016;544290
22/07/2016;555280
23/07/2016;461024
24/07/2016;324255
25/07/2016;579054
26/07/2016;614317
27/07/2016;598253
28/07/2016;597976
29/07/2016;630280
30/07/2016;553398
31/07/2016;379503
01/08/2016;583901
02/08/2016;622498
03/08/2016;622643
04/08/2016;615682
05/08/2016;620718
06/08/2016;545518
07/08/2016;407271
08/08/2016;589728
09/08/2016;621228
10/08/2016;615970
11/08/2016;612470
12/08/2016;596297
13/08/2016;520974
14/08/2016;311991
15/08/2016;386496
16/08/2016;615023
17/08/2016;633050
18/08/2016;631065
19/08/2016;611431
20/08/2016;523023
21/08/2016;396373
22/08/2016;573931
23/08/2016;613311
24/08/2016;631047
25/08/2016;620033
26/08/2016;612809
27/08/2016;520589
28/08/2016;299382
29/08/2016;577550
30/08/2016;613890
31/08/2016;618496
01/09/2016;603812
02/09/2016;606776
03/09/2016;490267
04/09/2016;348248
05/09/2016;581993
06/09/2016;607525
07/09/2016;608608
08/09/2016;618503
09/09/2016;620373
10/09/2016;502202
11/09/2016;341355
12/09/2016;584761
13/09/2016;636013
14/09/2016;610599
15/09/2016;601849
16/09/2016;588886
17/09/2016;502952
18/09/2016;329876
19/09/2016;597052
20/09/2016;627255
21/09/2016;618423
22/09/2016;619151
23/09/2016;620355
24/09/2016;556803
25/09/2016;373107
26/09/2016;604721
27/09/2016;664242
28/09/2016;656281
29/09/2016;615742
30/09/2016;606513
01/10/2016;480651
02/10/2016;301247
03/10/2016;592126
04/10/2016;618814
05/10/2016;611397
06/10/2016;612837
07/10/2016;606388
08/10/2016;509576
09/10/2016;398389
10/10/2016;594539
11/10/2016;622535
12/10/2016;622007
13/10/2016;628567
14/10/2016;622172
15/10/2016;501563
16/10/2016;271667
17/10/2016;293510
18/10/2016;569205
19/10/2016;613704
20/10/2016;627939
21/10/2016;627804
22/10/2016;566280
23/10/2016;413332
24/10/2016;612427
25/10/2016;628282
26/10/2016;633642
27/10/2016;639488
28/10/2016;636954
29/10/2016;538612
30/10/2016;290893
31/10/2016;581609
01/11/2016;609199
02/11/2016;636842
03/11/2016;650453
04/11/2016;648778
05/11/2016;524993
06/11/2016;336289
07/11/2016;437502
08/11/2016;646324
09/11/2016;643818
10/11/2016;651295
11/11/2016;648294
12/11/2016;544925
13/11/2016;319344
14/11/2016;431576
15/11/2016;631752
16/11/2016;636368
17/11/2016;635437
18/11/2016;639125
19/11/2016;536800
20/11/2016;402150
21/11/2016;599301
22/11/2016;634613
23/11/2016;641158
24/11/2016;647828
25/11/2016;632220
26/11/2016;488815
27/11/2016;314113
28/11/2016;610163
29/11/2016;634950
30/11/2016;620976
01/12/2016;623537
02/12/2016;580573
03/12/2016;446315
04/12/2016;309422
05/12/2016;594502
06/12/2016;614048
07/12/2016;534898
08/12/2016;340205
09/12/2016;531812
10/12/2016;452388
11/12/2016;318129
12/12/2016;598476
13/12/2016;658502
14/12/2016;651231
15/12/2016;657004
16/12/2016;620348
17/12/2016;550204
18/12/2016;400110
19/12/2016;632104
20/12/2016;650329
21/12/2016;627279
22/12/2016;631415
23/12/2016;553173
24/12/2016;307921
25/12/2016;246746
26/12/2016;599052
27/12/2016;639177
28/12/2016;615067
29/12/2016;597166
30/12/2016;483715
31/12/2016;241880
01/01/2017;188233
02/01/2017;516630
03/01/2017;569708
04/01/2017;575559
05/01/2017;570577
06/01/2017;553216
07/01/2017;454809
08/01/2017;291719
09/01/2017;371768
10/01/2017;630169
11/01/2017;621053
12/01/2017;624546
13/01/2017;614502
14/01/2017;497674
15/01/2017;345703
16/01/2017;591596
17/01/2017;593015
18/01/2017;588365
19/01/2017;596087
20/01/2017;595980
21/01/2017;449485
22/01/2017;327987
23/01/2017;570773
24/01/2017;597318
25/01/2017;609247
26/01/2017;597073
27/01/2017;596523
28/01/2017;464127
29/01/2017;328328
30/01/2017;569130
31/01/2017;593343
01/02/2017;581065
02/02/2017;604896
03/02/2017;599665
04/02/2017;475862
05/02/2017;294414
06/02/2017;570351
07/02/2017;600032
08/02/2017;612733
09/02/2017;612135
10/02/2017;615341
11/02/2017;498989
12/02/2017;298627
13/02/2017;567945
14/02/2017;594164
15/02/2017;604580
16/02/2017;614728
17/02/2017;608614
18/02/2017;535184
19/02/2017;330650
20/02/2017;587246
21/02/2017;611085
22/02/2017;604775
23/02/2017;592580
24/02/2017;583166
25/02/2017;452954
26/02/2017;289621
27/02/2017;556080
28/02/2017;596160
01/03/2017;595805
02/03/2017;586076
03/03/2017;575405
04/03/2017;429630
05/03/2017;259468
06/03/2017;535342
07/03/2017;584491
08/03/2017;569625
09/03/2017;563427
10/03/2017;537400
11/03/2017;412216
12/03/2017;258498
13/03/2017;520429
14/03/2017;576752
15/03/2017;587356
16/03/2017;572066
17/03/2017;551480
18/03/2017;433126
19/03/2017;227346
20/03/2017;266816
21/03/2017;561030
22/03/2017;581674
23/03/2017;569925
24/03/2017;577108
25/03/2017;462188
26/03/2017;295657
27/03/2017;556533
28/03/2017;593232
29/03/2017;602105
30/03/2017;582564
31/03/2017;564125
01/04/2017;502289
02/04/2017;285575
03/04/2017;586559
04/04/2017;616341
05/04/2017;616348
06/04/2017;620848
07/04/2017;605613
08/04/2017;525578
09/04/2017;385365
10/04/2017;544253
11/04/2017;527463
12/04/2017;428939
13/04/2017;228065
14/04/2017;200963
15/04/2017;235127
16/04/2017;268558
17/04/2017;558041
18/04/2017;596222
19/04/2017;602420
20/04/2017;605399
21/04/2017;601378
22/04/2017;525983
23/04/2017;329239
24/04/2017;596902
25/04/2017;614025
26/04/2017;596543
27/04/2017;606665
28/04/2017;589488
29/04/2017;491785
30/04/2017;240771
01/05/2017;298546
02/05/2017;591730
03/05/2017;603015
04/05/2017;628475
05/05/2017;617679
06/05/2017;536760
07/05/2017;328027
08/05/2017;577026
09/05/2017;636757
10/05/2017;634532
11/05/2017;605732
12/05/2017;600141
13/05/2017;457525
14/05/2017;280113
15/05/2017;567922
16/05/2017;618802
17/05/2017;621819
18/05/2017;613692
19/05/2017;604376
20/05/2017;499212
21/05/2017;361106
22/05/2017;608367
23/05/2017;642929
24/05/2017;655275
25/05/2017;637689
26/05/2017;599314
27/05/2017;478024
28/05/2017;237208
29/05/2017;266966
30/05/2017;589825
31/05/2017;613020
01/06/2017;625835
02/06/2017;600050
03/06/2017;489555
04/06/2017;290194
05/06/2017;595600
06/06/2017;614803
07/06/2017;605748
08/06/2017;609436
09/06/2017;596578
10/06/2017;458095
11/06/2017;310264
12/06/2017;575264
13/06/2017;604108
14/06/2017;612878
15/06/2017;620288
16/06/2017;605119
17/06/2017;486813
18/06/2017;252276
19/06/2017;310275
20/06/2017;603484
21/06/2017;634553
22/06/2017;636269
23/06/2017;606151
24/06/2017;507679
25/06/2017;304588
26/06/2017;363282
27/06/2017;596400
28/06/2017;627543
29/06/2017;633828
30/06/2017;605547
01/07/2017;493976
02/07/2017;263388
03/07/2017;302751
04/07/2017;597292
05/07/2017;628882
06/07/2017;609513
07/07/2017;602207
08/07/2017;514446
09/07/2017;342945
10/07/2017;592026
11/07/2017;624402
12/07/2017;631465
13/07/2017;629952
14/07/2017;629447
15/07/2017;509467
16/07/2017;300361
17/07/2017;577608
18/07/2017;631789
19/07/2017;614256
20/07/2017;522688
21/07/2017;581200
22/07/2017;470458
23/07/2017;316106
24/07/2017;561584
25/07/2017;614831
26/07/2017;634359
27/07/2017;611968
28/07/2017;636212
29/07/2017;520179
30/07/2017;343903
31/07/2017;569608
01/08/2017;610379
02/08/2017;628830
03/08/2017;643789
04/08/2017;632245
05/08/2017;507736
06/08/2017;255249
07/08/2017;332299
08/08/2017;609000
09/08/2017;593289
10/08/2017;582489
11/08/2017;581973
12/08/2017;472789
13/08/2017;353163
14/08/2017;605273
15/08/2017;618929
16/08/2017;627311
17/08/2017;631986
18/08/2017;611112
19/08/2017;491216
20/08/2017;244433
21/08/2017;361604
22/08/2017;561125
23/08/2017;563779
24/08/2017;582382
25/08/2017;579434
26/08/2017;490928
27/08/2017;356994
28/08/2017;590204
29/08/2017;620769
30/08/2017;652622
31/08/2017;645557
01/09/2017;643243
02/09/2017;492581
03/09/2017;325444
04/09/2017;595925
05/09/2017;639673
06/09/2017;651394
07/09/2017;611485
08/09/2017;632114
09/09/2017;477354
10/09/2017;309374
11/09/2017;559192
12/09/2017;609601
13/09/2017;602757
14/09/2017;592769
15/09/2017;609533
16/09/2017;497382
17/09/2017;355997
18/09/2017;576810
19/09/2017;621041
20/09/2017;622770
21/09/2017;629806
22/09/2017;604146
23/09/2017;504973
24/09/2017;334339
25/09/2017;590821
26/09/2017;625394
27/09/2017;621090
28/09/2017;597850
29/09/2017;595988
30/09/2017;439201
01/10/2017;282271
02/10/2017;556647
03/10/2017;602869
04/10/2017;580750
05/10/2017;616722
06/10/2017;610918
07/10/2017;472269
08/10/2017;316735
09/10/2017;570502
10/10/2017;592795
11/10/2017;606115
12/10/2017;614251
13/10/2017;616518
14/10/2017;476783
15/10/2017;279852
16/10/2017;333142
17/10/2017;602002
18/10/2017;635306
19/10/2017;643903
20/10/2017;620470
21/10/2017;503160
22/10/2017;279637
23/10/2017;549672
24/10/2017;597731
25/10/2017;596228
26/10/2017;605679
27/10/2017;600591
28/10/2017;480458
29/10/2017;285457
30/10/2017;527875
31/10/2017;572014
01/11/2017;582288
02/11/2017;577198
03/11/2017;561093
04/11/2017;434761
05/11/2017;255555
06/11/2017;335335
07/11/2017;548027
08/11/2017;561365
09/11/2017;571665
10/11/2017;594897
11/11/2017;499512
12/11/2017;264953
13/11/2017;280313
14/11/2017;560079
15/11/2017;594020
16/11/2017;596600
17/11/2017;566195
18/11/2017;474603
19/11/2017;309421
20/11/2017;535960
21/11/2017;611567
22/11/2017;607170
23/11/2017;604780
24/11/2017;561672
25/11/2017;458526
26/11/2017;329286
27/11/2017;593312
28/11/2017;619477
29/11/2017;618557
30/11/2017;596169
01/12/2017;528163
02/12/2017;361386
03/12/2017;301766
04/12/2017;572534
05/12/2017;599778
06/12/2017;578932
07/12/2017;505638
08/12/2017;282770
09/12/2017;332202
10/12/2017;274241
11/12/2017;579077
12/12/2017;640112
13/12/2017;628716
14/12/2017;639062
15/12/2017;618316
16/12/2017;526553
17/12/2017;384708
18/12/2017;568699
19/12/2017;600978
20/12/2017;601633
21/12/2017;581930
22/12/2017;604377
23/12/2017;434853
24/12/2017;215045
25/12/2017;215768
26/12/2017;533303
27/12/2017;580266
28/12/2017;555075
29/12/2017;485493
30/12/2017;328712
31/12/2017;168010
01/01/2018;187365
02/01/2018;476215
03/01/2018;572268
04/01/2018;602302
05/01/2018;581955
06/01/2018;492467
07/01/2018;283139
08/01/2018;343282
09/01/2018;576613
10/01/2018;635590
11/01/2018;604240
12/01/2018;622725
13/01/2018;549605
14/01/2018;326346
15/01/2018;576073
16/01/2018;606859
17/01/2018;620286
18/01/2018;611197
19/01/2018;604714
20/01/2018;481751
21/01/2018;286716
22/01/2018;589052
23/01/2018;635803
24/01/2018;626946
25/01/2018;616433
26/01/2018;617535
27/01/2018;456145
28/01/2018;299913
29/01/2018;592500
30/01/2018;629153
31/01/2018;615805
01/02/2018;617683
02/02/2018;609339
03/02/2018;485871
04/02/2018;286217
05/02/2018;571826
06/02/2018;623297
07/02/2018;637239
08/02/2018;648430
09/02/2018;626372
10/02/2018;495574
11/02/2018;312651
12/02/2018;590858
13/02/2018;631887
14/02/2018;626937
15/02/2018;616273
16/02/2018;597524
17/02/2018;491502
18/02/2018;338108
19/02/2018;563981
20/02/2018;622528
21/02/2018;623745
22/02/2018;608345
23/02/2018;594681
24/02/2018;463291
25/02/2018;298154
26/02/2018;570964
27/02/2018;608829
28/02/2018;586345
01/03/2018;614526
02/03/2018;575777
03/03/2018;439063
04/03/2018;272873
05/03/2018;546609
06/03/2018;598548
07/03/2018;610179
08/03/2018;606169
09/03/2018;603290
10/03/2018;487423
11/03/2018;275575
12/03/2018;572116
13/03/2018;643055
14/03/2018;636639
15/03/2018;637110
16/03/2018;619236
17/03/2018;512380
18/03/2018;297372
19/03/2018;345099
20/03/2018;585821
21/03/2018;615215
22/03/2018;609638
23/03/2018;633665
24/03/2018;537502
25/03/2018;376000
26/03/2018;542439
27/03/2018;545664
28/03/2018;443863
29/03/2018;254376
30/03/2018;196924
31/03/2018;247683
01/04/2018;266360
02/04/2018;508151
03/04/2018;548093
04/04/2018;598440
05/04/2018;603573
06/04/2018;589371
07/04/2018;486425
08/04/2018;309360
09/04/2018;571886
10/04/2018;606801
11/04/2018;609543
12/04/2018;606781
13/04/2018;595946
14/04/2018;483908
15/04/2018;308482
16/04/2018;592035
17/04/2018;624449
18/04/2018;634640
19/04/2018;636314
20/04/2018;600696
21/04/2018;478985
22/04/2018;321762
23/04/2018;587955
24/04/2018;632291
25/04/2018;627711
26/04/2018;629240
27/04/2018;596450
28/04/2018;473900
29/04/2018;246480
30/04/2018;312480
01/05/2018;254838
02/05/2018;552082
03/05/2018;604355
04/05/2018;617515
05/05/2018;508361
06/05/2018;353003
07/05/2018;605156
08/05/2018;628527
09/05/2018;635010
10/05/2018;606219
11/05/2018;624946
12/05/2018;502383
13/05/2018;251780
14/05/2018;299973
15/05/2018;569203
16/05/2018;636607
17/05/2018;630528
18/05/2018;634140
19/05/2018;490516
20/05/2018;357323
21/05/2018;554694
22/05/2018;592913
23/05/2018;624459
24/05/2018;646313
25/05/2018;621494
26/05/2018;475166
27/05/2018;273312
28/05/2018;567834
29/05/2018;640795
30/05/2018;641684
31/05/2018;622077
01/06/2018;605602
02/06/2018;503147
03/06/2018;315663
04/06/2018;357266
05/06/2018;613197
06/06/2018;637720
07/06/2018;631980
08/06/2018;624276
09/06/2018;541428
10/06/2018;290137
11/06/2018;369939
12/06/2018;600475
13/06/2018;614449
14/06/2018;626862
15/06/2018;622630
16/06/2018;562899
17/06/2018;315293
18/06/2018;595664
19/06/2018;627804
20/06/2018;668935
21/06/2018;673880
22/06/2018;634745
23/06/2018;553288
24/06/2018;317204
25/06/2018;605873
26/06/2018;647523
27/06/2018;633431
28/06/2018;590598
29/06/2018;612240
30/06/2018;494491
01/07/2018;297225
02/07/2018;345623
03/07/2018;575040
04/07/2018;644954
05/07/2018;655833
06/07/2018;651030
07/07/2018;526217
08/07/2018;335102
09/07/2018;614350
10/07/2018;655265
11/07/2018;644784
12/07/2018;658547
13/07/2018;632850
14/07/2018;492002
15/07/2018;319254
16/07/2018;619870
17/07/2018;654835
18/07/2018;644716
19/07/2018;626882
20/07/2018;420418
21/07/2018;398170
22/07/2018;304086
23/07/2018;603330
24/07/2018;662972
25/07/2018;645073
26/07/2018;660615
27/07/2018;630324
28/07/2018;523562
29/07/2018;363546
30/07/2018;597470
31/07/2018;631991
01/08/2018;641576
02/08/2018;638872
03/08/2018;629632
04/08/2018;498935
05/08/2018;288927
06/08/2018;509095
07/08/2018;482673
08/08/2018;611783
09/08/2018;628859
10/08/2018;611966
11/08/2018;505019
12/08/2018;359115
13/08/2018;596927
14/08/2018;616373
15/08/2018;637582
16/08/2018;642154
17/08/2018;639979
18/08/2018;513426
19/08/2018;292814
20/08/2018;367234
21/08/2018;591694
22/08/2018;639576
23/08/2018;644056
24/08/2018;637378
25/08/2018;529198
26/08/2018;346740
27/08/2018;590763
28/08/2018;653941
29/08/2018;646275
30/08/2018;637062
31/08/2018;616168
01/09/2018;501804
02/09/2018;310588
03/09/2018;580715
04/09/2018;627494
05/09/2018;643219
06/09/2018;641386
07/09/2018;635061
08/09/2018;528340
09/09/2018;345017
10/09/2018;594043
11/09/2018;640349
12/09/2018;632914
13/09/2018;643312
14/09/2018;605303
15/09/2018;487073
16/09/2018;303882
17/09/2018;577347
18/09/2018;591117
19/09/2018;633260
20/09/2018;642160
21/09/2018;623649
22/09/2018;514463
23/09/2018;362191
24/09/2018;615170
25/09/2018;644768
26/09/2018;644150
27/09/2018;624616
28/09/2018;603149
29/09/2018;499798
30/09/2018;309950
01/10/2018;604161
02/10/2018;639864
03/10/2018;601769
04/10/2018;615975
05/10/2018;612111
06/10/2018;532246
07/10/2018;355205
08/10/2018;605789
09/10/2018;654986
10/10/2018;647844
11/10/2018;638063
12/10/2018;602445
13/10/2018;509007
14/10/2018;272555
15/10/2018;356573
16/10/2018;556396
17/10/2018;615605
18/10/2018;649392
19/10/2018;648179
20/10/2018;544812
21/10/2018;333640
22/10/2018;613292
23/10/2018;639705
24/10/2018;654327
25/10/2018;656366
26/10/2018;650344
27/10/2018;498020
28/10/2018;300389
29/10/2018;595532
30/10/2018;670745
31/10/2018;655305
01/11/2018;684965
02/11/2018;655581
03/11/2018;483104
04/11/2018;262012
05/11/2018;320075
06/11/2018;609479
07/11/2018;642373
08/11/2018;642702
09/11/2018;627659
10/11/2018;517370
11/11/2018;288341
12/11/2018;343887
13/11/2018;603865
14/11/2018;631054
15/11/2018;637849
16/11/2018;619537
17/11/2018;522686
18/11/2018;349315
19/11/2018;586809
20/11/2018;625279
21/11/2018;627034
22/11/2018;608326
23/11/2018;580869
24/11/2018;498472
25/11/2018;312703
26/11/2018;572142
27/11/2018;604857
28/11/2018;627951
29/11/2018;634693
30/11/2018;597885
01/12/2018;383726
02/12/2018;285774
03/12/2018;585893
04/12/2018;620770
05/12/2018;623793
06/12/2018;601322
07/12/2018;499176
08/12/2018;320902
09/12/2018;305756
10/12/2018;592261
11/12/2018;641582
12/12/2018;668014
13/12/2018;670293
14/12/2018;636682
15/12/2018;516739
16/12/2018;342627
17/12/2018;612072
18/12/2018;622630
19/12/2018;633344
20/12/2018;637469
21/12/2018;624328
22/12/2018;530271
23/12/2018;330341
24/12/2018;249456
25/12/2018;227525
26/12/2018;583702
27/12/2018;570753
28/12/2018;578501
29/12/2018;449102
30/12/2018;256568
31/12/2018;191099
01/01/2019;189866
02/01/2019;500106
03/01/2019;584543
04/01/2019;608415
05/01/2019;540343
06/01/2019;328171
07/01/2019;367445
08/01/2019;616139
09/01/2019;637779
10/01/2019;636409
11/01/2019;633355
12/01/2019;542587
13/01/2019;370012
14/01/2019;596586
15/01/2019;651164
16/01/2019;653395
17/01/2019;650468
18/01/2019;640984
19/01/2019;524080
20/01/2019;326122
21/01/2019;599200
22/01/2019;639737
23/01/2019;645332
24/01/2019;666566
25/01/2019;631386
26/01/2019;529073
27/01/2019;368941
28/01/2019;607848
29/01/2019;643897
30/01/2019;633951
31/01/2019;649888
01/02/2019;623137
02/02/2019;485120
03/02/2019;283898
04/02/2019;613665
05/02/2019;655504
06/02/2019;649031
07/02/2019;655193
08/02/2019;637363
09/02/2019;514544
10/02/2019;335528
11/02/2019;598214
12/02/2019;664611
13/02/2019;666262
14/02/2019;652550
15/02/2019;652017
16/02/2019;521906
17/02/2019;323891
18/02/2019;609596
19/02/2019;650032
20/02/2019;652794
21/02/2019;644540
22/02/2019;648151
23/02/2019;529520
24/02/2019;358016
25/02/2019;573139
26/02/2019;600366
27/02/2019;614746
28/02/2019;616494
01/03/2019;599672
02/03/2019;490577
03/03/2019;303447
04/03/2019;607883
05/03/2019;631282
06/03/2019;638170
07/03/2019;643388
08/03/2019;626201
09/03/2019;504608
10/03/2019;345663
11/03/2019;602718
12/03/2019;636656
13/03/2019;650988
14/03/2019;651774
15/03/2019;648208
16/03/2019;538579
17/03/2019;355866
18/03/2019;611102
19/03/2019;648837
20/03/2019;630169
21/03/2019;638594
22/03/2019;623461
23/03/2019;532880
24/03/2019;270596
25/03/2019;335318
26/03/2019;617042
27/03/2019;631834
28/03/2019;642972
29/03/2019;670445
30/03/2019;541571
31/03/2019;308105
01/04/2019;599791
02/04/2019;638764
03/04/2019;646184
04/04/2019;665856
05/04/2019;631839
06/04/2019;551586
07/04/2019;361666
08/04/2019;601284
09/04/2019;646683
10/04/2019;656801
11/04/2019;649094
12/04/2019;649682
13/04/2019;566240
14/04/2019;435400
15/04/2019;592421
16/04/2019;560582
17/04/2019;420030
18/04/2019;267972
19/04/2019;183763
20/04/2019;231292
21/04/2019;237937
22/04/2019;546348
23/04/2019;609360
24/04/2019;627795
25/04/2019;591927
26/04/2019;628948
27/04/2019;536417
28/04/2019;356441
29/04/2019;611791
30/04/2019;618800
01/05/2019;409776
02/05/2019;609497
03/05/2019;621227
04/05/2019;493119
05/05/2019;355434
06/05/2019;637366
07/05/2019;656188
08/05/2019;654428
09/05/2019;663270
10/05/2019;600182
11/05/2019;493937
12/05/2019;312399
13/05/2019;576996
14/05/2019;621260
15/05/2019;654654
16/05/2019;688198
17/05/2019;680300
18/05/2019;593992
19/05/2019;427171
20/05/2019;624077
21/05/2019;671220
22/05/2019;697496
23/05/2019;687393
24/05/2019;677648
25/05/2019;553445
26/05/2019;311118
27/05/2019;620118
28/05/2019;687937
29/05/2019;669364
30/05/2019;677166
31/05/2019;639122
01/06/2019;520294
02/06/2019;312426
03/06/2019;380737
04/06/2019;670628
05/06/2019;682779
06/06/2019;653925
07/06/2019;663597
08/06/2019;564104
09/06/2019;391421
10/06/2019;619763
11/06/2019;653913
12/06/2019;660545
13/06/2019;645497
14/06/2019;659815
15/06/2019;539999
16/06/2019;296430
17/06/2019;615517
18/06/2019;625323
19/06/2019;638032
20/06/2019;650055
21/06/2019;652670
22/06/2019;586210
23/06/2019;393984
24/06/2019;443688
25/06/2019;633463
26/06/2019;660619
27/06/2019;661561
28/06/2019;632972
29/06/2019;497451
30/06/2019;300590
01/07/2019;370867
02/07/2019;631772
03/07/2019;664749
04/07/2019;645591
05/07/2019;644541
06/07/2019;551451
07/07/2019;398299
08/07/2019;623974
09/07/2019;663950
10/07/2019;659956
11/07/2019;675811
12/07/2019;648809
13/07/2019;530825
14/07/2019;354925
15/07/2019;653917
16/07/2019;664640
17/07/2019;660566
18/07/2019;674539
19/07/2019;600672
20/07/2019;416531
21/07/2019;348386
22/07/2019;632153
23/07/2019;668146
24/07/2019;669628
25/07/2019;669618
26/07/2019;640992
27/07/2019;562625
28/07/2019;389216
29/07/2019;636447
30/07/2019;667885
31/07/2019;646108
01/08/2019;671245
02/08/2019;632706
03/08/2019;501276
04/08/2019;284325
05/08/2019;607168
06/08/2019;626433
07/08/2019;516836
08/08/2019;639282
09/08/2019;650192
10/08/2019;526991
11/08/2019;369026
12/08/2019;619315
13/08/2019;658536
14/08/2019;650145
15/08/2019;643530
16/08/2019;623309
17/08/2019;546457
18/08/2019;360162
19/08/2019;405351
20/08/2019;646438
21/08/2019;671269
22/08/2019;665662
23/08/2019;658797
24/08/2019;583592
25/08/2019;366429
26/08/2019;636082
27/08/2019;671372
28/08/2019;646698
29/08/2019;684364
30/08/2019;649741
31/08/2019;485650
01/09/2019;293165
02/09/2019;579931
03/09/2019;612525
04/09/2019;639775
05/09/2019;629883
06/09/2019;641156
07/09/2019;575423
08/09/2019;423840
09/09/2019;650871
10/09/2019;659631
11/09/2019;680644
12/09/2019;678205
13/09/2019;621749
14/09/2019;528232
15/09/2019;384130
16/09/2019;653736
17/09/2019;681017
18/09/2019;671834
19/09/2019;662572
20/09/2019;658212
21/09/2019;552118
22/09/2019;414267
23/09/2019;615233
24/09/2019;645364
25/09/2019;644351
26/09/2019;663149
27/09/2019;641258
28/09/2019;551842
29/09/2019;339050
30/09/2019;591836
01/10/2019;628106
02/10/2019;644341
03/10/2019;654547
04/10/2019;622360
05/10/2019;509055
06/10/2019;365676
07/10/2019;607378
08/10/2019;654800
09/10/2019;661494
10/10/2019;669090
11/10/2019;653029
12/10/2019;550602
13/10/2019;285390
14/10/2019;401526
15/10/2019;658210
16/10/2019;669478
17/10/2019;664423
18/10/2019;663038
19/10/2019;588745
20/10/2019;394653
21/10/2019;606929
22/10/2019;680269
23/10/2019;668516
24/10/2019;680542
25/10/2019;663234
26/10/2019;567479
27/10/2019;303990
28/10/2019;589204
29/10/2019;665868
30/10/2019;669359
31/10/2019;656296
01/11/2019;654240
02/11/2019;523007
03/11/2019;264984
04/11/2019;334959
05/11/2019;617633
06/11/2019;646233
07/11/2019;641157
08/11/2019;662505
09/11/2019;592308
10/11/2019;401371
11/11/2019;490061
12/11/2019;641476
13/11/2019;664094
14/11/2019;682484
15/11/2019;670229
16/11/2019;609786
17/11/2019;440627
18/11/2019;643900
19/11/2019;657443
20/11/2019;638191
21/11/2019;615280
22/11/2019;611083
23/11/2019;431303
24/11/2019;329409
25/11/2019;639527
26/11/2019;645116
27/11/2019;643718
28/11/2019;632968
29/11/2019;561480
30/11/2019;431667
01/12/2019;334487
02/12/2019;592316
03/12/2019;632967
04/12/2019;632417
05/12/2019;649939
06/12/2019;622523
07/12/2019;490170
08/12/2019;341441
09/12/2019;634744
10/12/2019;665840
11/12/2019;627645
12/12/2019;619717
13/12/2019;626366
14/12/2019;506642
15/12/2019;270459
16/12/2019;611622
17/12/2019;637761
18/12/2019;637599
19/12/2019;637187
20/12/2019;638580
21/12/2019;558537
22/12/2019;404688
23/12/2019;454318
24/12/2019;321376
25/12/2019;240900
26/12/2019;556882
27/12/2019;624732
28/12/2019;536533
29/12/2019;387311
30/12/2019;443819
31/12/2019;285503
01/01/2020;193947
02/01/2020;480243
03/01/2020;588453
04/01/2020;524025
05/01/2020;290003
06/01/2020;365638
07/01/2020;583465
08/01/2020;605325
09/01/2020;583559
10/01/2020;601549
11/01/2020;518099
12/01/2020;365659
13/01/2020;597030
14/01/2020;648746
15/01/2020;648119
16/01/2020;647376
17/01/2020;631746
18/01/2020;545278
19/01/2020;357552
20/01/2020;600337
21/01/2020;613106
22/01/2020;627106
23/01/2020;649380
24/01/2020;645638
25/01/2020;556528
26/01/2020;369820
27/01/2020;596688
28/01/2020;646975
29/01/2020;656652
30/01/2020;644838
31/01/2020;624557
01/02/2020;484724
02/02/2020;316649
03/02/2020;610152
04/02/2020;643369
05/02/2020;644360
06/02/2020;635531
07/02/2020;630463
08/02/2020;600372
09/02/2020;389797
10/02/2020;611731
11/02/2020;666203
12/02/2020;656425
13/02/2020;663570
14/02/2020;652778
15/02/2020;559511
16/02/2020;363708
17/02/2020;612127
18/02/2020;626063
19/02/2020;642460
20/02/2020;648406
21/02/2020;639592
22/02/2020;540292
23/02/2020;380243
24/02/2020;628129
25/02/2020;657374
26/02/2020;636091
27/02/2020;631101
28/02/2020;608617
29/02/2020;523292
01/03/2020;379078
02/03/2020;659541
03/03/2020;672611
04/03/2020;679709
05/03/2020;645960
06/03/2020;671218
07/03/2020;582202
08/03/2020;374175
09/03/2020;619182
10/03/2020;684955
11/03/2020;679100
12/03/2020;668270
13/03/2020;664407
14/03/2020;572892
15/03/2020;376156
16/03/2020;658419
17/03/2020;629428
18/03/2020;646190
19/03/2020;652603
20/03/2020;649388
21/03/2020;557161
22/03/2020;390993
23/03/2020;438452
24/03/2020;610871
25/03/2020;600678
26/03/2020;610033
27/03/2020;608042
28/03/2020;526892
29/03/2020;311938
30/03/2020;577384
31/03/2020;623005
01/04/2020;607658
02/04/2020;605266
03/04/2020;602124
04/04/2020;567754
05/04/2020;415826
06/04/2020;550720
07/04/2020;548220
08/04/2020;499284
09/04/2020;293316
10/04/2020;225734
11/04/2020;292347
12/04/2020;285097
13/04/2020;567432
14/04/2020;617533
15/04/2020;627673
16/04/2020;624098
17/04/2020;620803
18/04/2020;575789
19/04/2020;442067
20/04/2020;613056
21/04/2020;635211
22/04/2020;633807
23/04/2020;633119
24/04/2020;616291
25/04/2020;598890
26/04/2020;443832
27/04/2020;640624
28/04/2020;637535
29/04/2020;630645
30/04/2020;572103
01/05/2020;379072
02/05/2020;437661
03/05/2020;341151
04/05/2020;620307
05/05/2020;640383
06/05/2020;639659
07/05/2020;620987
08/05/2020;622707
09/05/2020;562863
10/05/2020;366268
11/05/2020;564113
12/05/2020;632110
13/05/2020;640405
14/05/2020;634106
15/05/2020;625569
16/05/2020;523193
17/05/2020;331687
18/05/2020;572146
19/05/2020;633335
20/05/2020;629500
21/05/2020;631931
22/05/2020;628617
23/05/2020;599130
24/05/2020;368174
25/05/2020;396086
26/05/2020;647436
27/05/2020;660213
28/05/2020;641199
29/05/2020;620240
30/05/2020;509588
31/05/2020;309464
01/06/2020;624628
02/06/2020;665849
03/06/2020;653397
04/06/2020;658791
05/06/2020;649971
06/06/2020;556724
07/06/2020;398114
08/06/2020;603755
09/06/2020;661198
10/06/2020;664359
11/06/2020;640544
12/06/2020;640483
13/06/2020;547143
14/06/2020;409191
15/06/2020;485287
16/06/2020;619137
17/06/2020;631884
18/06/2020;619534
19/06/2020;599080
20/06/2020;495615
21/06/2020;316177
22/06/2020;392845
23/06/2020;614815
24/06/2020;618482
25/06/2020;620480
26/06/2020;595083
27/06/2020;531843
28/06/2020;340596
29/06/2020;409214
30/06/2020;582279
01/07/2020;622238
02/07/2020;617878
03/07/2020;635623
04/07/2020;570153
05/07/2020;404727
06/07/2020;588516
07/07/2020;623034
08/07/2020;636583
09/07/2020;638575
10/07/2020;629841
11/07/2020;588339
12/07/2020;390723
13/07/2020;632054
14/07/2020;611093
15/07/2020;633983
16/07/2020;610685
17/07/2020;622543
18/07/2020;563213
19/07/2020;325084
20/07/2020;383097
21/07/2020;624414
22/07/2020;622124
23/07/2020;645283
24/07/2020;615779
25/07/2020;571815
26/07/2020;428139
27/07/2020;607604
28/07/2020;632427
29/07/2020;637026
30/07/2020;631924
31/07/2020;613109
01/08/2020;560828
02/08/2020;400953
03/08/2020;592252
04/08/2020;619416
05/08/2020;641626
06/08/2020;604557
07/08/2020;433947
08/08/2020;414221
09/08/2020;317233
10/08/2020;588341
11/08/2020;640726
12/08/2020;667932
13/08/2020;642313
14/08/2020;639066
15/08/2020;588023
16/08/2020;412133
17/08/2020;431814
18/08/2020;650635
19/08/2020;642768
20/08/2020;619809
21/08/2020;640694
22/08/2020;540649
23/08/2020;326996
24/08/2020;582767
25/08/2020;627060
26/08/2020;622505
27/08/2020;624172
28/08/2020;625241
29/08/2020;513973
30/08/2020;327083
31/08/2020;600596
01/09/2020;631628
02/09/2020;635648
03/09/2020;619103
04/09/2020;619529
05/09/2020;562675
06/09/2020;377005
07/09/2020;538183
08/09/2020;614192
09/09/2020;622992
10/09/2020;619426
11/09/2020;627554
12/09/2020;558755
13/09/2020;418043
14/09/2020;579456
15/09/2020;645906
16/09/2020;637215
17/09/2020;629167
18/09/2020;598710
19/09/2020;476231
20/09/2020;305862
21/09/2020;579256
22/09/2020;631380
23/09/2020;639208
24/09/2020;623732
25/09/2020;622290
26/09/2020;560889
27/09/2020;361242
28/09/2020;592176
29/09/2020;634281
30/09/2020;617883
01/10/2020;626673
02/10/2020;634918
03/10/2020;526720
04/10/2020;336060
05/10/2020;592498
06/10/2020;632179
07/10/2020;653538
08/10/2020;631984
09/10/2020;647385
10/10/2020;544497
11/10/2020;378312
12/10/2020;449268
13/10/2020;598386
14/10/2020;620172
15/10/2020;618020
16/10/2020;622102
17/10/2020;552330
18/10/2020;368546
19/10/2020;606541
20/10/2020;640003
21/10/2020;647691
22/10/2020;644357
23/10/2020;642676
24/10/2020;594202
25/10/2020;460288
26/10/2020;616065
27/10/2020;682955
28/10/2020;671306
29/10/2020;670170
30/10/2020;673841
31/10/2020;576735
01/11/2020;270681
02/11/2020;351481
03/11/2020;633707
04/11/2020;645274
05/11/2020;638152
06/11/2020;649595
07/11/2020;575029
08/11/2020;430675
09/11/2020;609489
10/11/2020;637000
11/11/2020;657640
12/11/2020;614383
13/11/2020;627014
14/11/2020;560422
15/11/2020;324447
16/11/2020;476229
17/11/2020;611236
18/11/2020;632228
19/11/2020;623329
20/11/2020;629186
21/11/2020;566400
22/11/2020;415637
23/11/2020;581230
24/11/2020;637108
25/11/2020;642613
26/11/2020;633659
27/11/2020;627733
28/11/2020;520543
29/11/2020;326369
30/11/2020;616303
01/12/2020;637014
02/12/2020;621332
03/12/2020;609826
04/12/2020;590188
05/12/2020;506449
06/12/2020;296090
07/12/2020;384444
08/12/2020;355623
09/12/2020;598258
10/12/2020;634789
11/12/2020;635733
12/12/2020;562903
13/12/2020;448260
14/12/2020;635315
15/12/2020;651292
16/12/2020;640996
17/12/2020;661622
18/12/2020;668023
19/12/2020;574340
20/12/2020;397308
21/12/2020;660562
22/12/2020;671043
23/12/2020;588717
24/12/2020;314603
25/12/2020;212529
26/12/2020;357916
27/12/2020;327308
28/12/2020;579215
29/12/2020;585259
30/12/2020;475062
31/12/2020;232844
01/01/2021;166206
02/01/2021;293241
03/01/2021;299051
04/01/2021;552524
05/01/2021;605508
06/01/2021;617755
07/01/2021;608590
08/01/2021;611208
09/01/2021;529613
10/01/2021;279381
11/01/2021;307963
12/01/2021;608641
13/01/2021;625024
14/01/2021;614884
15/01/2021;612967
16/01/2021;546647
17/01/2021;379963
18/01/2021;572089
19/01/2021;614949
20/01/2021;619880
21/01/2021;617986
22/01/2021;616060
23/01/2021;585575
24/01/2021;398044
25/01/2021;592588
26/01/2021;620575
27/01/2021;625293
28/01/2021;644954
29/01/2021;636289
30/01/2021;546648
31/01/2021;294626
01/02/2021;597749
02/02/2021;640877
03/02/2021;654134
04/02/2021;641062
05/02/2021;639975
06/02/2021;577704
07/02/2021;381648
08/02/2021;611694
09/02/2021;647920
10/02/2021;644502
11/02/2021;636449
12/02/2021;645585
13/02/2021;576072
14/02/2021;326012
15/02/2021;605369
16/02/2021;640125
17/02/2021;635186
18/02/2021;637815
19/02/2021;640971
20/02/2021;608946
21/02/2021;390949
22/02/2021;610603
23/02/2021;642576
24/02/2021;649106
25/02/2021;663896
26/02/2021;638900
27/02/2021;484970
28/02/2021;289934
01/03/2021;568283
02/03/2021;615812
03/03/2021;632700
04/03/2021;645032
05/03/2021;632072
06/03/2021;571449
07/03/2021;379352
08/03/2021;583295
09/03/2021;638936
10/03/2021;641508
11/03/2021;619704
12/03/2021;615364
13/03/2021;536049
14/03/2021;309793
15/03/2021;598662
16/03/2021;627507
17/03/2021;640488
18/03/2021;639059
19/03/2021;616570
20/03/2021;526168
21/03/2021;320901
22/03/2021;359497
23/03/2021;584980
24/03/2021;621795
25/03/2021;625042
26/03/2021;624037
27/03/2021;568579
28/03/2021;349226
29/03/2021;579709
30/03/2021;573226
31/03/2021;458904
01/04/2021;236681
02/04/2021;209442
03/04/2021;253249
04/04/2021;254806
05/04/2021;562843
06/04/2021;643290
07/04/2021;639303
08/04/2021;612573
09/04/2021;618051
10/04/2021;587690
11/04/2021;435648
12/04/2021;646738
13/04/2021;667451
14/04/2021;685156
15/04/2021;679718
16/04/2021;645231
17/04/2021;529281
18/04/2021;348484
19/04/2021;624532
20/04/2021;681329
21/04/2021;649395
22/04/2021;671073
23/04/2021;684680
24/04/2021;598212
25/04/2021;465069
26/04/2021;649023
27/04/2021;659810
28/04/2021;654393
29/04/2021;640039
30/04/2021;546826
01/05/2021;305471
02/05/2021;234694
03/05/2021;570700
04/05/2021;597017
05/05/2021;551029
06/05/2021;576528
07/05/2021;599697
08/05/2021;498922
09/05/2021;283275
10/05/2021;546291
11/05/2021;588278
12/05/2021;590162
13/05/2021;585345
14/05/2021;592096
15/05/2021;538523
16/05/2021;288768
17/05/2021;393990
18/05/2021;582817
19/05/2021;588680
20/05/2021;595292
21/05/2021;612434
22/05/2021;554892
23/05/2021;326288
24/05/2021;603069
25/05/2021;634390
26/05/2021;637241
27/05/2021;630065
28/05/2021;615373
29/05/2021;499898
30/05/2021;317958
31/05/2021;577095
01/06/2021;629539
02/06/2021;634611
03/06/2021;645139
04/06/2021;617377
05/06/2021;586557
06/06/2021;396545
07/06/2021;501300
08/06/2021;628493
09/06/2021;670908
10/06/2021;666767
11/06/2021;672166
12/06/2021;611649
13/06/2021;434387
14/06/2021;522218
15/06/2021;676467
16/06/2021;690196
17/06/2021;670322
18/06/2021;674057
19/06/2021;594947
20/06/2021;346002
21/06/2021;627717
22/06/2021;684564
23/06/2021;666873
24/06/2021;642364
25/06/2021;667556
26/06/2021;591374
27/06/2021;428051
28/06/2021;630239
29/06/2021;682392
30/06/2021;684596
01/07/2021;675398
02/07/2021;665375
03/07/2021;586226
04/07/2021;344367
05/07/2021;495178
06/07/2021;678206
07/07/2021;692135
08/07/2021;697863
09/07/2021;686407
10/07/2021;630987
11/07/2021;533864
12/07/2021;680549
13/07/2021;689557
14/07/2021;692197
15/07/2021;685675
16/07/2021;685117
17/07/2021;624787
18/07/2021;440318
19/07/2021;643198
20/07/2021;627206
21/07/2021;665909
22/07/2021;666143
23/07/2021;646429
24/07/2021;580496
25/07/2021;400171
26/07/2021;637380
27/07/2021;653964
28/07/2021;660095
29/07/2021;663841
30/07/2021;648668
31/07/2021;547687
01/08/2021;321491
02/08/2021;626457
03/08/2021;686430
04/08/2021;678962
05/08/2021;672302
06/08/2021;637056
07/08/2021;530343
08/08/2021;444462
09/08/2021;627777
10/08/2021;677964
11/08/2021;675182
12/08/2021;683921
13/08/2021;669705
14/08/2021;607115
15/08/2021;363854
16/08/2021;465836
17/08/2021;650563
18/08/2021;693624
19/08/2021;667846
20/08/2021;657350
21/08/2021;600407
22/08/2021;470206
23/08/2021;657583
24/08/2021;679550
25/08/2021;687825
26/08/2021;671320
27/08/2021;674863
28/08/2021;620072
29/08/2021;351579
30/08/2021;633821
31/08/2021;665476
01/09/2021;695621
02/09/2021;650056
03/09/2021;686783
04/09/2021;584184
05/09/2021;440822
06/09/2021;639632
07/09/2021;677386
08/09/2021;672034
09/09/2021;656579
10/09/2021;654581
11/09/2021;601341
12/09/2021;441502
13/09/2021;642803
14/09/2021;679479
15/09/2021;672209
16/09/2021;668485
17/09/2021;662153
18/09/2021;546990
19/09/2021;382154
20/09/2021;641117
21/09/2021;664579
22/09/2021;655276
23/09/2021;656883
24/09/2021;662750
25/09/2021;565835
26/09/2021;408005
27/09/2021;653338
28/09/2021;662223
29/09/2021;670316
30/09/2021;656588
01/10/2021;662549
02/10/2021;577094
03/10/2021;427881
04/10/2021;647433
05/10/2021;658008
06/10/2021;667048
07/10/2021;675058
08/10/2021;670116
09/10/2021;608380
10/10/2021;419165
11/10/2021;662788
12/10/2021;694419
13/10/2021;677143
14/10/2021;635253
15/10/2021;628310
16/10/2021;561650
17/10/2021;343768
18/10/2021;442046
19/10/2021;675080
20/10/2021;684639
21/10/2021;686077
22/10/2021;680372
23/10/2021;638007
24/10/2021;437052
25/10/2021;647338
26/10/2021;679513
27/10/2021;691529
28/10/2021;677882
29/10/2021;679668
30/10/2021;563056
31/10/2021;316299
01/11/2021;417499
02/11/2021;657008
03/11/2021;697390
04/11/2021;681354
05/11/2021;668693
06/11/2021;593311
07/11/2021;480989
08/11/2021;662474
09/11/2021;680089
10/11/2021;670358
11/11/2021;676081
12/11/2021;677703
13/11/2021;590114
14/11/2021;352186
15/11/2021;448116
16/11/2021;684585
17/11/2021;677538
18/11/2021;687331
19/11/2021;678133
20/11/2021;620034
21/11/2021;462874
22/11/2021;655978
23/11/2021;686024
24/11/2021;686760
25/11/2021;681501
26/11/2021;671560
27/11/2021;592151
28/11/2021;385015
29/11/2021;645316
30/11/2021;662940
01/12/2021;685931
02/12/2021;684693
03/12/2021;686479
04/12/2021;628232
05/12/2021;502821
06/12/2021;696950
07/12/2021;583105
08/12/2021;480419
09/12/2021;698597
10/12/2021;713377
11/12/2021;657600
12/12/2021;528728
13/12/2021;675697
14/12/2021;705169
15/12/2021;699467
16/12/2021;701807
17/12/2021;708507
18/12/2021;633721
19/12/2021;501650
20/12/2021;704976
21/12/2021;715279
22/12/2021;708048
23/12/2021;618674
24/12/2021;343140
25/12/2021;225762
26/12/2021;302766
27/12/2021;691453
28/12/2021;703747
29/12/2021;656504
30/12/2021;517254
31/12/2021;252703
01/01/2022;173523
02/01/2022;247253
03/01/2022;557873
04/01/2022;620782
05/01/2022;649999
06/01/2022;676775
07/01/2022;687419
08/01/2022;612606
09/01/2022;393975
10/01/2022;471392
11/01/2022;676590
12/01/2022;713054
13/01/2022;702952
14/01/2022;692728
15/01/2022;627802
16/01/2022;492630
17/01/2022;686741
18/01/2022;709457
19/01/2022;699451
20/01/2022;679497
21/01/2022;675431
22/01/2022;636291
23/01/2022;468339
24/01/2022;686186
25/01/2022;688299
26/01/2022;688298
27/01/2022;689139
28/01/2022;673038
29/01/2022;560499
30/01/2022;312307
31/01/2022;631119
01/02/2022;689980
02/02/2022;680238
03/02/2022;652848
04/02/2022;665770
05/02/2022;628567
06/02/2022;455370
07/02/2022;648162
08/02/2022;664553
09/02/2022;670342
10/02/2022;664794
11/02/2022;667993
12/02/2022;614634
13/02/2022;410040
14/02/2022;691286
15/02/2022;660385
16/02/2022;661090
17/02/2022;669590
18/02/2022;672272
19/02/2022;592813
20/02/2022;394431
21/02/2022;636827
22/02/2022;657680
23/02/2022;651244
24/02/2022;661879
25/02/2022;654002
26/02/2022;523132
27/02/2022;311975
28/02/2022;620652
01/03/2022;656986
02/03/2022;656618
03/03/2022;631293
04/03/2022;642692
05/03/2022;571459
06/03/2022;400063
07/03/2022;637399
08/03/2022;661120
09/03/2022;650219
10/03/2022;654986
11/03/2022;648109
12/03/2022;582259
13/03/2022;358853
14/03/2022;637648
15/03/2022;665237
16/03/2022;664154
17/03/2022;651006
18/03/2022;632384
19/03/2022;534186
20/03/2022;358063
21/03/2022;415239
22/03/2022;648623
23/03/2022;671278
24/03/2022;652882
25/03/2022;679217
26/03/2022;592703
27/03/2022;347835
28/03/2022;609649
29/03/2022;655935
30/03/2022;673301
31/03/2022;658237
01/04/2022;655862
02/04/2022;595821
03/04/2022;414176
04/04/2022;639491
05/04/2022;671749
06/04/2022;673624
07/04/2022;699170
08/04/2022;679702
09/04/2022;606580
10/04/2022;478333
11/04/2022;648860
12/04/2022;628949
13/04/2022;527201
14/04/2022;290319
15/04/2022;209968
16/04/2022;198117
17/04/2022;262926
18/04/2022;593901
19/04/2022;610966
20/04/2022;661443
21/04/2022;662669
22/04/2022;658451
23/04/2022;645854
24/04/2022;491735
25/04/2022;653992
26/04/2022;675122
27/04/2022;677312
28/04/2022;676311
29/04/2022;656983
30/04/2022;561377
01/05/2022;343506
02/05/2022;642006
03/05/2022;688635
04/05/2022;703329
05/05/2022;690947
06/05/2022;688435
07/05/2022;578575
08/05/2022;329604
09/05/2022;652963
10/05/2022;684678
11/05/2022;683525
12/05/2022;662164
13/05/2022;588958
14/05/2022;546348
15/05/2022;452845
16/05/2022;676586
17/05/2022;691568
18/05/2022;680818
19/05/2022;679186
20/05/2022;676246
21/05/2022;612124
22/05/2022;479979
23/05/2022;666358
24/05/2022;700704
25/05/2022;676051
26/05/2022;697078
27/05/2022;700505
28/05/2022;599428
29/05/2022;322626
30/05/2022;436746
31/05/2022;670188
01/06/2022;680411
02/06/2022;684771
03/06/2022;677598
04/06/2022;612139
05/06/2022;415013
06/06/2022;662803
07/06/2022;630610
08/06/2022;632164
09/06/2022;633580
10/06/2022;654461
11/06/2022;619017
12/06/2022;482127
13/06/2022;649309
14/06/2022;670204
15/06/2022;651569
16/06/2022;651408
17/06/2022;630079
18/06/2022;520997
19/06/2022;329683
20/06/2022;440361
21/06/2022;613411
22/06/2022;631054
23/06/2022;626566
24/06/2022;634521
25/06/2022;569972
26/06/2022;310256
27/06/2022;414082
28/06/2022;601206
29/06/2022;615595
30/06/2022;622705
01/07/2022;607077
02/07/2022;470805
03/07/2022;309297
04/07/2022;447669
05/07/2022;606716
06/07/2022;643601
07/07/2022;631422
08/07/2022;646829
09/07/2022;583126
10/07/2022;425908
11/07/2022;610666
12/07/2022;618966
13/07/2022;638350
14/07/2022;612599
15/07/2022;625904
16/07/2022;601708
17/07/2022;451202
18/07/2022;631912
19/07/2022;646348
20/07/2022;623105
21/07/2022;662519
22/07/2022;652157
23/07/2022;500645
24/07/2022;363123
25/07/2022;625414
26/07/2022;662560
27/07/2022;672125
28/07/2022;659062
29/07/2022;670381
30/07/2022;585469
31/07/2022;348099
01/08/2022;612466
02/08/2022;625274
03/08/2022;645652
04/08/2022;637905
05/08/2022;621483
06/08/2022;574696
07/08/2022;429777
08/08/2022;624261
09/08/2022;637449
10/08/2022;637603
11/08/2022;626785
12/08/2022;618801
13/08/2022;542601
14/08/2022;365221
15/08/2022;426151
16/08/2022;626242
17/08/2022;643511
18/08/2022;652578
19/08/2022;655481
20/08/2022;610580
21/08/2022;441085
22/08/2022;640208
23/08/2022;671305
24/08/2022;664600
25/08/2022;669766
26/08/2022;618402
27/08/2022;521075
28/08/2022;347177
29/08/2022;591325
30/08/2022;623541
31/08/2022;621689
01/09/2022;628779
02/09/2022;634268
03/09/2022;571190
04/09/2022;383353
05/09/2022;632239
06/09/2022;649182
07/09/2022;636555
08/09/2022;636884
09/09/2022;626313
10/09/2022;517177
11/09/2022;408095
12/09/2022;609401
13/09/2022;615642
14/09/2022;598881
15/09/2022;623929
16/09/2022;615197
17/09/2022;533318
18/09/2022;355157
19/09/2022;591917
20/09/2022;627414
21/09/2022;628759
22/09/2022;620534
23/09/2022;653044
24/09/2022;555349
25/09/2022;384755
26/09/2022;582260
27/09/2022;590105
28/09/2022;588022
29/09/2022;573382
30/09/2022;567740
01/10/2022;511321
02/10/2022;263897
03/10/2022;537622
04/10/2022;578260
05/10/2022;592348
06/10/2022;580873
07/10/2022;563357
08/10/2022;515399
09/10/2022;372094
10/10/2022;622409
11/10/2022;644185
12/10/2022;636306
13/10/2022;634360
14/10/2022;615386
15/10/2022;523461
16/10/2022;280678
17/10/2022;427951
18/10/2022;649593
19/10/2022;629863
20/10/2022;588978
21/10/2022;626258
22/10/2022;624029
23/10/2022;466907
24/10/2022;614026
25/10/2022;647357
26/10/2022;645111
27/10/2022;633081
28/10/2022;647639
29/10/2022;524541
30/10/2022;318015
31/10/2022;610976
01/11/2022;630137
02/11/2022;630790
03/11/2022;626490
04/11/2022;622906
05/11/2022;560465
06/11/2022;372299
07/11/2022;469669
08/11/2022;635694
09/11/2022;593747
10/11/2022;644253
11/11/2022;634314
12/11/2022;553377
13/11/2022;355131
14/11/2022;460923
15/11/2022;637937
16/11/2022;638288
17/11/2022;645090
18/11/2022;640791
19/11/2022;553191
20/11/2022;406111
21/11/2022;638237
22/11/2022;625744
23/11/2022;627682
24/11/2022;630788
25/11/2022;627070
26/11/2022;542614
27/11/2022;370198
28/11/2022;618967
29/11/2022;629177
30/11/2022;619279
01/12/2022;601282
02/12/2022;552834
03/12/2022;431591
04/12/2022;320324
05/12/2022;569774
06/12/2022;604373
07/12/2022;532771
08/12/2022;372263
09/12/2022;583067
10/12/2022;560034
11/12/2022;478979
12/12/2022;633646
13/12/2022;661673
14/12/2022;641133
15/12/2022;625959
16/12/2022;608373
17/12/2022;560333
18/12/2022;329217
19/12/2022;589018
20/12/2022;618050
21/12/2022;635019
22/12/2022;632352
23/12/2022;595874
24/12/2022;327810
25/12/2022;227878
26/12/2022;559148
27/12/2022;632385
28/12/2022;588551
29/12/2022;538121
30/12/2022;424071
31/12/2022;235136
